<?xml version="1.0" encoding="UTF-8"?>
<gresources>
  <gresource prefix="/org/enso/launchy/icons">
    <file alias="panther-icon-index.svg" compressed="true" preprocess="xml-stripblanks">icons/panther-icon-index.svg</file>
    <file alias="panther-view-list.svg" compressed="true" preprocess="xml-stripblanks">icons/panther-view-list.svg</file>
    <file alias="panther-bookmarks.svg" compressed="true" preprocess="xml-stripblanks">icons/panther-bookmarks.svg</file>
  </gresource>
  <gresource prefix="/org/enso/launchy">
    <file alias="applications-menu.css" compressed="true">applications-menu.css</file>
  </gresource>
</gresources>
