<schemalist>
	<schema path="/org/enso/launchy/" id="org.enso.launchy" gettext-domain="launchy">
        <key name="columns" type="i">
            <default>5</default>
            <summary>The default number of columns</summary>
            <description>Setting this value to 0 will automatically set the number of columns to the best value, based on the screen size.</description>
        </key>
        <key name="rows" type="i">
            <default>5</default>
            <summary>The default number of rows</summary>
            <description>Setting this value to 0 will automatically set the number of rows to the best value, based on the screen size.</description>
        </key>
        <key name="icon-size" type="i">
            <default>64</default>
            <summary>The default icon size of apps</summary>
            <description>This value manages the size of the icons in Panther.</description>
        </key>
	<key name="font-size" type="d">
            <default>0.0</default>
            <summary>The default font size for apps</summary>
            <description>This value manages the size of the fonts in Panther. If it is zero, it will use the system value.</description>
        </key>
        <key name="show-category-filter" type="b">
            <default>true</default>
            <summary>Show the category switcher or not</summary>
            <description>This value handles the category switcher.</description>
        </key>
        <key name="use-category" type="b">
            <default>true</default>
            <summary>Show the category view by default</summary>
            <description>Save the current view of the launcher.</description>
        </key>
        <key name="show-at-top" type="b">
            <default>false</default>
            <summary>Show the launcher at the top</summary>
            <description>Show the launcher at the top.</description>
        </key>
        <key name="screen-resolution" type="s">
            <default>""</default>
            <summary>The last resolution of the screen</summary>
            <description>This value makes Panther able to adapt to each screen.</description>
        </key>
				<key name="window-position" type="ai">
            <default>[]</default>
        </key>
	</schema>
</schemalist>
